what,kind,bundleId,bundleVersion,description,time
java.vm.vendor,sysinfo,,,"Sun Microsystems Inc.",1428908907354
java.vm.version,sysinfo,,,"14.2-b01",1428908907354
activated,view,com.cloudgarden.jigloo,4.6.3,"com.cloudgarden.jigloo.views.FormView",1428908907956
activated,editor,com.cloudgarden.jigloo,4.6.3,"com.cloudgarden.jigloo.editors.FormEditor",1428908907988
activated,workbench,org.eclipse.ui.workbench,3.5.2.M20100113-0800,"",1428908912719
activated,view,org.eclipse.jdt.ui,3.5.2.r352_v20100106-0800,"org.eclipse.jdt.ui.PackageExplorer",1428908915010
started,bundle,org.eclipse.compare,3.5.2.r35x_20100113-0800,"org.eclipse.compare",1428908927726
deactivated,workbench,org.eclipse.ui.workbench,3.5.2.M20100113-0800,"",1428908930032
activated,workbench,org.eclipse.ui.workbench,3.5.2.M20100113-0800,"",1428908981015
executed,command,org.eclipse.ui,3.5.2.M20100120-0800,"org.eclipse.ui.file.import",1428908981068
executed,command,org.eclipse.ui,3.5.2.M20100120-0800,"org.eclipse.ui.file.import",1428908981069
activated,editor,com.cloudgarden.jigloo,4.6.3,"com.cloudgarden.jigloo.editors.FormEditor",1428908999904
deactivated,workbench,org.eclipse.ui.workbench,3.5.2.M20100113-0800,"",1428909010223
activated,workbench,org.eclipse.ui.workbench,3.5.2.M20100113-0800,"",1428909095812
deactivated,workbench,org.eclipse.ui.workbench,3.5.2.M20100113-0800,"",1428909096907
activated,workbench,org.eclipse.ui.workbench,3.5.2.M20100113-0800,"",1428909153776
activated,view,org.eclipse.jdt.ui,3.5.2.r352_v20100106-0800,"org.eclipse.jdt.ui.PackageExplorer",1428909153830
deactivated,workbench,org.eclipse.ui.workbench,3.5.2.M20100113-0800,"",1428909159876
activated,workbench,org.eclipse.ui.workbench,3.5.2.M20100113-0800,"",1428909181314
executed,command,org.eclipse.ui,3.5.2.M20100120-0800,"org.eclipse.ui.file.import",1428909181337
executed,command,org.eclipse.ui,3.5.2.M20100120-0800,"org.eclipse.ui.file.import",1428909181337
started,bundle,org.eclipse.debug.ui,3.5.2.v20091028_r352,"org.eclipse.debug.ui",1428909195971
deactivated,workbench,org.eclipse.ui.workbench,3.5.2.M20100113-0800,"",1428909198376
activated,workbench,org.eclipse.ui.workbench,3.5.2.M20100113-0800,"",1428909214879
executed,command,org.eclipse.ui,3.5.2.M20100120-0800,"org.eclipse.ui.file.properties",1428909214943
deactivated,workbench,org.eclipse.ui.workbench,3.5.2.M20100113-0800,"",1428909217312
activated,workbench,org.eclipse.ui.workbench,3.5.2.M20100113-0800,"",1428909226309
deactivated,workbench,org.eclipse.ui.workbench,3.5.2.M20100113-0800,"",1428909261974
activated,workbench,org.eclipse.ui.workbench,3.5.2.M20100113-0800,"",1428909280426
deactivated,workbench,org.eclipse.ui.workbench,3.5.2.M20100113-0800,"",1428909282098
activated,workbench,org.eclipse.ui.workbench,3.5.2.M20100113-0800,"",1428909289268
executed,command,org.eclipse.ui,3.5.2.M20100120-0800,"org.eclipse.ui.file.import",1428909289288
executed,command,org.eclipse.ui,3.5.2.M20100120-0800,"org.eclipse.ui.file.import",1428909289288
deactivated,workbench,org.eclipse.ui.workbench,3.5.2.M20100113-0800,"",1428909296901
activated,workbench,org.eclipse.ui.workbench,3.5.2.M20100113-0800,"",1428909299542
executed,command,org.eclipse.ui,3.5.2.M20100120-0800,"org.eclipse.ui.file.import",1428909299563
executed,command,org.eclipse.ui,3.5.2.M20100120-0800,"org.eclipse.ui.file.import",1428909299563
deactivated,workbench,org.eclipse.ui.workbench,3.5.2.M20100113-0800,"",1428909303131
activated,workbench,org.eclipse.ui.workbench,3.5.2.M20100113-0800,"",1428909318811
deactivated,workbench,org.eclipse.ui.workbench,3.5.2.M20100113-0800,"",1428909320599
activated,workbench,org.eclipse.ui.workbench,3.5.2.M20100113-0800,"",1428909328626
executed,command,org.eclipse.ui,3.5.2.M20100120-0800,"org.eclipse.ui.edit.paste",1428909328645
deactivated,workbench,org.eclipse.ui.workbench,3.5.2.M20100113-0800,"",1428909335951
activated,workbench,org.eclipse.ui.workbench,3.5.2.M20100113-0800,"",1428909336899
executed,command,org.eclipse.ui,3.5.2.M20100120-0800,"org.eclipse.ui.edit.paste",1428909336915
deactivated,workbench,org.eclipse.ui.workbench,3.5.2.M20100113-0800,"",1428909342455
activated,workbench,org.eclipse.ui.workbench,3.5.2.M20100113-0800,"",1428909343834
executed,command,org.eclipse.ui,3.5.2.M20100120-0800,"org.eclipse.ui.edit.paste",1428909343850
deactivated,workbench,org.eclipse.ui.workbench,3.5.2.M20100113-0800,"",1428909345493
activated,workbench,org.eclipse.ui.workbench,3.5.2.M20100113-0800,"",1428909404296
deactivated,workbench,org.eclipse.ui.workbench,3.5.2.M20100113-0800,"",1428909405562
activated,workbench,org.eclipse.ui.workbench,3.5.2.M20100113-0800,"",1428909411380
opened,editor,org.eclipse.jdt.ui,3.5.2.r352_v20100106-0800,"org.eclipse.jdt.ui.CompilationUnitEditor",1428909415537
started,bundle,org.eclipse.jdt.debug,3.5.0.v20090526,"org.eclipse.jdt.debug",1428909416295
started,bundle,org.eclipse.jdt.debug.ui,3.4.1.v20090811_r351,"org.eclipse.jdt.debug.ui",1428909417226
closed,view,com.cloudgarden.jigloo,4.6.3,"com.cloudgarden.jigloo.views.FormView",1428909417427
activated,editor,org.eclipse.jdt.ui,3.5.2.r352_v20100106-0800,"org.eclipse.jdt.ui.CompilationUnitEditor",1428909417455
deactivated,workbench,org.eclipse.ui.workbench,3.5.2.M20100113-0800,"",1428909431607
opened,editor,org.eclipse.jdt.ui,3.5.2.r352_v20100106-0800,"org.eclipse.jdt.ui.CompilationUnitEditor",1428909447331
activated,workbench,org.eclipse.ui.workbench,3.5.2.M20100113-0800,"",1428909447547
activated,editor,org.eclipse.jdt.ui,3.5.2.r352_v20100106-0800,"org.eclipse.jdt.ui.CompilationUnitEditor",1428909447576
opened,editor,org.eclipse.jdt.ui,3.5.2.r352_v20100106-0800,"org.eclipse.jdt.ui.CompilationUnitEditor",1428909447796
activated,editor,org.eclipse.jdt.ui,3.5.2.r352_v20100106-0800,"org.eclipse.jdt.ui.CompilationUnitEditor",1428909448015
opened,editor,org.eclipse.jdt.ui,3.5.2.r352_v20100106-0800,"org.eclipse.jdt.ui.CompilationUnitEditor",1428909448148
activated,editor,org.eclipse.jdt.ui,3.5.2.r352_v20100106-0800,"org.eclipse.jdt.ui.CompilationUnitEditor",1428909448355
opened,editor,org.eclipse.jdt.ui,3.5.2.r352_v20100106-0800,"org.eclipse.jdt.ui.CompilationUnitEditor",1428909448464
activated,editor,org.eclipse.jdt.ui,3.5.2.r352_v20100106-0800,"org.eclipse.jdt.ui.CompilationUnitEditor",1428909448644
opened,editor,org.eclipse.jdt.ui,3.5.2.r352_v20100106-0800,"org.eclipse.jdt.ui.CompilationUnitEditor",1428909448761
activated,editor,org.eclipse.jdt.ui,3.5.2.r352_v20100106-0800,"org.eclipse.jdt.ui.CompilationUnitEditor",1428909448949
opened,editor,org.eclipse.jdt.ui,3.5.2.r352_v20100106-0800,"org.eclipse.jdt.ui.CompilationUnitEditor",1428909449059
activated,editor,org.eclipse.jdt.ui,3.5.2.r352_v20100106-0800,"org.eclipse.jdt.ui.CompilationUnitEditor",1428909449230
opened,editor,org.eclipse.jdt.ui,3.5.2.r352_v20100106-0800,"org.eclipse.jdt.ui.CompilationUnitEditor",1428909449334
activated,editor,org.eclipse.jdt.ui,3.5.2.r352_v20100106-0800,"org.eclipse.jdt.ui.CompilationUnitEditor",1428909449493
opened,editor,org.eclipse.jdt.ui,3.5.2.r352_v20100106-0800,"org.eclipse.jdt.ui.CompilationUnitEditor",1428909449601
activated,editor,org.eclipse.jdt.ui,3.5.2.r352_v20100106-0800,"org.eclipse.jdt.ui.CompilationUnitEditor",1428909449752
opened,editor,org.eclipse.jdt.ui,3.5.2.r352_v20100106-0800,"org.eclipse.jdt.ui.CompilationUnitEditor",1428909449871
activated,editor,org.eclipse.jdt.ui,3.5.2.r352_v20100106-0800,"org.eclipse.jdt.ui.CompilationUnitEditor",1428909450022
opened,editor,org.eclipse.jdt.ui,3.5.2.r352_v20100106-0800,"org.eclipse.jdt.ui.CompilationUnitEditor",1428909450138
activated,editor,org.eclipse.jdt.ui,3.5.2.r352_v20100106-0800,"org.eclipse.jdt.ui.CompilationUnitEditor",1428909450284
opened,editor,org.eclipse.jdt.ui,3.5.2.r352_v20100106-0800,"org.eclipse.jdt.ui.CompilationUnitEditor",1428909450386
activated,editor,org.eclipse.jdt.ui,3.5.2.r352_v20100106-0800,"org.eclipse.jdt.ui.CompilationUnitEditor",1428909450551
started,bundle,org.eclipse.wst.server.core,1.1.102.v20100123,"org.eclipse.wst.server.core",1428909453953
started,bundle,org.eclipse.wst.server.ui,1.1.103.v20100123,"org.eclipse.wst.server.ui",1428909454069
started,bundle,org.eclipse.ant.ui,3.4.2.v20091204_r352,"org.eclipse.ant.ui",1428909454120
activated,editor,org.eclipse.jdt.ui,3.5.2.r352_v20100106-0800,"org.eclipse.jdt.ui.CompilationUnitEditor",1428909454935
activated,editor,org.eclipse.jdt.ui,3.5.2.r352_v20100106-0800,"org.eclipse.jdt.ui.CompilationUnitEditor",1428909462618
activated,editor,org.eclipse.jdt.ui,3.5.2.r352_v20100106-0800,"org.eclipse.jdt.ui.CompilationUnitEditor",1428909465431
activated,editor,org.eclipse.jdt.ui,3.5.2.r352_v20100106-0800,"org.eclipse.jdt.ui.CompilationUnitEditor",1428909467610
activated,view,org.eclipse.jdt.ui,3.5.2.r352_v20100106-0800,"org.eclipse.jdt.ui.PackageExplorer",1428909474186
activated,editor,org.eclipse.jdt.ui,3.5.2.r352_v20100106-0800,"org.eclipse.jdt.ui.CompilationUnitEditor",1428909484092
deactivated,workbench,org.eclipse.ui.workbench,3.5.2.M20100113-0800,"",1428909484286
activated,workbench,org.eclipse.ui.workbench,3.5.2.M20100113-0800,"",1428909488898
closed,editor,org.eclipse.jdt.ui,3.5.2.r352_v20100106-0800,"org.eclipse.jdt.ui.CompilationUnitEditor",1428909489724
activated,editor,org.eclipse.jdt.ui,3.5.2.r352_v20100106-0800,"org.eclipse.jdt.ui.CompilationUnitEditor",1428909490148
opened,view,org.eclipse.ui.ide,3.5.2.M20100113-0800,"org.eclipse.ui.views.ProblemView",1428909495595
activated,view,org.eclipse.jdt.ui,3.5.2.r352_v20100106-0800,"org.eclipse.jdt.ui.PackageExplorer",1428909495697
activated,editor,org.eclipse.jdt.ui,3.5.2.r352_v20100106-0800,"org.eclipse.jdt.ui.CompilationUnitEditor",1428909500318
activated,view,org.eclipse.jdt.ui,3.5.2.r352_v20100106-0800,"org.eclipse.jdt.ui.PackageExplorer",1428909503496
activated,editor,org.eclipse.jdt.ui,3.5.2.r352_v20100106-0800,"org.eclipse.jdt.ui.CompilationUnitEditor",1428909573322
activated,editor,org.eclipse.jdt.ui,3.5.2.r352_v20100106-0800,"org.eclipse.jdt.ui.CompilationUnitEditor",1428909573448
closed,editor,org.eclipse.jdt.ui,3.5.2.r352_v20100106-0800,"org.eclipse.jdt.ui.CompilationUnitEditor",1428909573448
activated,editor,org.eclipse.jdt.ui,3.5.2.r352_v20100106-0800,"org.eclipse.jdt.ui.CompilationUnitEditor",1428909573893
activated,editor,org.eclipse.jdt.ui,3.5.2.r352_v20100106-0800,"org.eclipse.jdt.ui.CompilationUnitEditor",1428909575601
closed,editor,org.eclipse.jdt.ui,3.5.2.r352_v20100106-0800,"org.eclipse.jdt.ui.CompilationUnitEditor",1428909575601
closed,editor,org.eclipse.jdt.ui,3.5.2.r352_v20100106-0800,"org.eclipse.jdt.ui.CompilationUnitEditor",1428909576539
closed,editor,org.eclipse.jdt.ui,3.5.2.r352_v20100106-0800,"org.eclipse.jdt.ui.CompilationUnitEditor",1428909577567
activated,view,org.eclipse.ui.views,3.4.1.M20090826-0800,"org.eclipse.ui.views.ContentOutline",1428909578245
closed,editor,com.cloudgarden.jigloo,4.6.3,"com.cloudgarden.jigloo.editors.FormEditor",1428909578245
activated,editor,org.eclipse.jdt.ui,3.5.2.r352_v20100106-0800,"org.eclipse.jdt.ui.CompilationUnitEditor",1428909579273
closed,editor,org.eclipse.jdt.ui,3.5.2.r352_v20100106-0800,"org.eclipse.jdt.ui.CompilationUnitEditor",1428909579319
closed,editor,org.eclipse.jdt.ui,3.5.2.r352_v20100106-0800,"org.eclipse.jdt.ui.CompilationUnitEditor",1428909581620
activated,editor,org.eclipse.jdt.ui,3.5.2.r352_v20100106-0800,"org.eclipse.jdt.ui.CompilationUnitEditor",1428909583077
closed,editor,org.eclipse.jdt.ui,3.5.2.r352_v20100106-0800,"org.eclipse.jdt.ui.CompilationUnitEditor",1428909583078
closed,editor,org.eclipse.jdt.ui,3.5.2.r352_v20100106-0800,"org.eclipse.jdt.ui.CompilationUnitEditor",1428909583882
closed,editor,org.eclipse.jdt.ui,3.5.2.r352_v20100106-0800,"org.eclipse.jdt.ui.CompilationUnitEditor",1428909584857
closed,editor,org.eclipse.jdt.ui,3.5.2.r352_v20100106-0800,"org.eclipse.jdt.ui.CompilationUnitEditor",1428909586235
activated,view,org.eclipse.jdt.ui,3.5.2.r352_v20100106-0800,"org.eclipse.jdt.ui.PackageExplorer",1428909587369
closed,editor,org.eclipse.jdt.ui,3.5.2.r352_v20100106-0800,"org.eclipse.jdt.ui.CompilationUnitEditor",1428909587369
opened,editor,org.eclipse.jdt.ui,3.5.2.r352_v20100106-0800,"org.eclipse.jdt.ui.CompilationUnitEditor",1428909588864
activated,editor,org.eclipse.jdt.ui,3.5.2.r352_v20100106-0800,"org.eclipse.jdt.ui.CompilationUnitEditor",1428909589090
started,bundle,org.eclipse.jdt.junit,3.5.2.r352_v20100113-0800,"org.eclipse.jdt.junit",1428909589387
deactivated,workbench,org.eclipse.ui.workbench,3.5.2.M20100113-0800,"",1428909610120
activated,workbench,org.eclipse.ui.workbench,3.5.2.M20100113-0800,"",1428909610231
deactivated,workbench,org.eclipse.ui.workbench,3.5.2.M20100113-0800,"",1428909610910
activated,workbench,org.eclipse.ui.workbench,3.5.2.M20100113-0800,"",1428909671081
deactivated,workbench,org.eclipse.ui.workbench,3.5.2.M20100113-0800,"",1428909685650
activated,workbench,org.eclipse.ui.workbench,3.5.2.M20100113-0800,"",1428909687748
closed,workbench,org.eclipse.ui.workbench,3.5.2.M20100113-0800,"",1428909688067
stopped,bundle,org.eclipse.jst.ws.axis.creation.ui,1.0.406.v200903031852,"org.eclipse.jst.ws.axis.creation.ui",1428909688786
stopped,bundle,org.eclipse.jst.ws.axis.consumption.ui,1.0.405.v200901261650,"org.eclipse.jst.ws.axis.consumption.ui",1428909688788
stopped,bundle,org.eclipse.jst.ws.axis.consumption.core,1.0.306.v200810082309,"org.eclipse.jst.ws.axis.consumption.core",1428909688790
stopped,bundle,org.eclipse.jst.ws.axis2.creation.ui,1.0.103.v200807162242,"org.eclipse.jst.ws.axis2.creation.ui",1428909688792
stopped,bundle,org.eclipse.jst.ws.axis2.consumption.ui,1.0.102.v200807232000,"org.eclipse.jst.ws.axis2.consumption.ui",1428909688793
stopped,bundle,org.eclipse.jst.ws.axis2.creation.core,1.0.105.v200901220134,"org.eclipse.jst.ws.axis2.creation.core",1428909688795
stopped,bundle,org.eclipse.jst.ws.axis2.consumption.core,1.0.104.v200810151442,"org.eclipse.jst.ws.axis2.consumption.core",1428909688801
stopped,bundle,org.eclipse.jst.ws.axis2.ui,1.0.302.v200905260749,"org.eclipse.jst.ws.axis2.ui",1428909688801
stopped,bundle,org.eclipse.jst.ws.axis2.core,1.0.104.v200810151442,"org.eclipse.jst.ws.axis2.core",1428909688803
stopped,bundle,org.eclipse.jst.ws.creation.ui,1.0.409.v200911241856,"org.eclipse.jst.ws.creation.ui",1428909688805
stopped,bundle,org.eclipse.jst.ws.consumption.ui,1.1.106.v200911241851,"org.eclipse.jst.ws.consumption.ui",1428909688808
stopped,bundle,org.eclipse.jst.ws.consumption,1.0.408.v200911241817,"org.eclipse.jst.ws.consumption",1428909688810
stopped,bundle,org.eclipse.jst.ws.uddiregistry,1.0.400.v200901261650,"org.eclipse.jst.ws.uddiregistry",1428909688811
stopped,bundle,org.eclipse.jst.ws.ui,1.0.402.v200903111822,"org.eclipse.jst.ws.ui",1428909688813
stopped,bundle,org.eclipse.jst.ws,1.0.407.v200905191120,"org.eclipse.jst.ws",1428909688816
stopped,bundle,org.eclipse.wst.ws.explorer,1.0.408.v200911241806,"org.eclipse.wst.ws.explorer",1428909688821
stopped,bundle,org.eclipse.wst.wsdl.ui,1.2.202.v200904271449,"org.eclipse.wst.wsdl.ui",1428909688823
stopped,bundle,org.eclipse.wst.ws.ui,1.1.100.v200903112221,"org.eclipse.wst.ws.ui",1428909688825
stopped,bundle,org.eclipse.wst.wsi.ui,1.0.500.v200901141851,"org.eclipse.wst.wsi.ui",1428909688826
stopped,bundle,org.eclipse.wst.wsi,1.0.305.v200902181431,"org.eclipse.wst.wsi",1428909688829
stopped,bundle,org.eclipse.wst.ws,1.1.103.v200903111822,"org.eclipse.wst.ws",1428909688831
stopped,bundle,org.eclipse.jst.j2ee.webservice.ui,1.1.300.v200902052230,"org.eclipse.jst.j2ee.webservice.ui",1428909688833
stopped,bundle,org.eclipse.jst.j2ee.webservice,1.1.300.v200901220600,"org.eclipse.jst.j2ee.webservice",1428909688835
stopped,bundle,org.eclipse.wst.ws.parser,1.0.402.v200901220107,"org.eclipse.wst.ws.parser",1428909688836
stopped,bundle,commonj.sdo,2.1.1.v200905221342,"commonj.sdo",1428909688837
stopped,bundle,org.eclipse.datatools.enablement.oda.ws.ui,1.2.2.v201001260400,"org.eclipse.datatools.enablement.oda.ws.ui",1428909688839
stopped,bundle,org.eclipse.datatools.enablement.oda.ws,1.2.2.v201001131420,"org.eclipse.datatools.enablement.oda.ws",1428909688840
stopped,bundle,org.eclipse.wst.wsdl,1.2.2.v200911111930,"org.eclipse.wst.wsdl",1428909688842
stopped,bundle,org.eclipse.wst.wsdl.validation,1.1.402.v200911251542,"org.eclipse.wst.wsdl.validation",1428909688844
stopped,bundle,org.eclipse.wst.xsl.jaxp.debug.ui,1.0.0.v200904240436,"org.eclipse.wst.xsl.jaxp.debug.ui",1428909688846
stopped,bundle,org.eclipse.wst.xsl.ui,1.0.100.v200907172129,"org.eclipse.wst.xsl.ui",1428909688848
stopped,bundle,org.eclipse.wst.xml.xpath.ui,1.0.0.v200904240436,"org.eclipse.wst.xml.xpath.ui",1428909688850
stopped,bundle,org.eclipse.wst.xsl.debug.ui,1.0.0.v200904240436,"org.eclipse.wst.xsl.debug.ui",1428909688851
activated,perspective,org.eclipse.jdt.ui,,"org.eclipse.jdt.ui.JavaPerspective",1428909813420
started,bundle,org.eclipse.osgi,3.5.2.R35x_v20100126,"org.eclipse.osgi",1428909813420
started,bundle,org.eclipse.equinox.simpleconfigurator,1.0.101.R35x_v20090807-1100,"org.eclipse.equinox.simpleconfigurator",1428909813421
started,bundle,com.ibm.icu,4.0.1.v20090822,"com.ibm.icu",1428909813422
started,bundle,org.eclipse.compare.core,3.5.0.I20090430-0408,"org.eclipse.compare.core",1428909813422
started,bundle,org.eclipse.core.contenttype,3.4.1.R35x_v20090826-0451,"org.eclipse.core.contenttype",1428909813423
started,bundle,org.eclipse.core.databinding.observable,1.2.0.M20090902-0800,"org.eclipse.core.databinding.observable",1428909813423
started,bundle,org.eclipse.core.expressions,3.4.101.R35x_v20100209,"org.eclipse.core.expressions",1428909813424
started,bundle,org.eclipse.core.filebuffers,3.5.0.v20090526-2000,"org.eclipse.core.filebuffers",1428909813425
started,bundle,org.eclipse.core.filesystem,1.2.1.R35x_v20091203-1235,"org.eclipse.core.filesystem",1428909813425
started,bundle,org.eclipse.core.jobs,3.4.100.v20090429-1800,"org.eclipse.core.jobs",1428909813426
started,bundle,org.eclipse.core.net,1.2.1.r35x_20090812-1200,"org.eclipse.core.net",1428909813426
started,bundle,org.eclipse.core.resources,3.5.2.R35x_v20091203-1235,"org.eclipse.core.resources",1428909813427
started,bundle,org.eclipse.core.runtime,3.5.0.v20090525,"org.eclipse.core.runtime",1428909813428
started,bundle,org.eclipse.core.runtime.compatibility,3.2.0.v20090413,"org.eclipse.core.runtime.compatibility",1428909813428
started,bundle,org.eclipse.core.runtime.compatibility.auth,3.2.100.v20090413,"org.eclipse.core.runtime.compatibility.auth",1428909813429
started,bundle,org.eclipse.core.variables,3.2.200.v20090521,"org.eclipse.core.variables",1428909813429
started,bundle,org.eclipse.debug.core,3.5.1.v20091103_r352,"org.eclipse.debug.core",1428909813431
started,bundle,org.eclipse.ecf,3.0.0.v20090831-1906,"org.eclipse.ecf",1428909813431
started,bundle,org.eclipse.ecf.filetransfer,3.0.0.v20090831-1906,"org.eclipse.ecf.filetransfer",1428909813432
started,bundle,org.eclipse.ecf.identity,3.0.0.v20090831-1906,"org.eclipse.ecf.identity",1428909813432
started,bundle,org.eclipse.ecf.provider.filetransfer,3.0.1.v20090831-1906,"org.eclipse.ecf.provider.filetransfer",1428909813433
started,bundle,org.eclipse.ecf.provider.filetransfer.httpclient,3.0.1.v20090831-1906,"org.eclipse.ecf.provider.filetransfer.httpclient",1428909813434
started,bundle,org.eclipse.emf.common,2.5.0.v200906151043,"org.eclipse.emf.common",1428909813434
started,bundle,org.eclipse.emf.ecore,2.5.0.v200906151043,"org.eclipse.emf.ecore",1428909813434
started,bundle,org.eclipse.epp.usagedata.gathering,1.1.1.R201001291118,"org.eclipse.epp.usagedata.gathering",1428909813434
started,bundle,org.eclipse.epp.usagedata.recording,1.1.1.R201001291118,"org.eclipse.epp.usagedata.recording",1428909813435
started,bundle,org.eclipse.equinox.app,1.2.1.R35x_v20091203,"org.eclipse.equinox.app",1428909813435
started,bundle,org.eclipse.equinox.common,3.5.1.R35x_v20090807-1100,"org.eclipse.equinox.common",1428909813435
started,bundle,org.eclipse.equinox.ds,1.1.1.R35x_v20090806,"org.eclipse.equinox.ds",1428909813444
started,bundle,org.eclipse.equinox.frameworkadmin,1.0.100.v20090520-1905,"org.eclipse.equinox.frameworkadmin",1428909813444
started,bundle,org.eclipse.equinox.frameworkadmin.equinox,1.0.101.R35x_v20091214,"org.eclipse.equinox.frameworkadmin.equinox",1428909813445
started,bundle,org.eclipse.equinox.p2.core,1.0.101.R35x_v20090819,"org.eclipse.equinox.p2.core",1428909813445
started,bundle,org.eclipse.equinox.p2.director,1.0.101.R35x_v20100112,"org.eclipse.equinox.p2.director",1428909813446
started,bundle,org.eclipse.equinox.p2.directorywatcher,1.0.100.v20090525,"org.eclipse.equinox.p2.directorywatcher",1428909813446
started,bundle,org.eclipse.equinox.p2.engine,1.0.102.R35x_v20091117,"org.eclipse.equinox.p2.engine",1428909813447
started,bundle,org.eclipse.equinox.p2.exemplarysetup,1.0.100.v20090520-1905,"org.eclipse.equinox.p2.exemplarysetup",1428909813447
started,bundle,org.eclipse.equinox.p2.garbagecollector,1.0.100.v20090520-1905,"org.eclipse.equinox.p2.garbagecollector",1428909813448
started,bundle,org.eclipse.equinox.p2.metadata.repository,1.0.101.R35x_v20090812,"org.eclipse.equinox.p2.metadata.repository",1428909813448
started,bundle,org.eclipse.equinox.p2.reconciler.dropins,1.0.100.v20090520-1905,"org.eclipse.equinox.p2.reconciler.dropins",1428909813449
started,bundle,org.eclipse.equinox.p2.repository,1.0.1.R35x_v20100105,"org.eclipse.equinox.p2.repository",1428909813450
started,bundle,org.eclipse.equinox.p2.ui.sdk.scheduler,1.0.0.v20090520-1905,"org.eclipse.equinox.p2.ui.sdk.scheduler",1428909813452
started,bundle,org.eclipse.equinox.p2.updatechecker,1.1.0.v20090520-1905,"org.eclipse.equinox.p2.updatechecker",1428909813452
started,bundle,org.eclipse.equinox.preferences,3.2.301.R35x_v20091117,"org.eclipse.equinox.preferences",1428909813453
started,bundle,org.eclipse.equinox.registry,3.4.100.v20090520-1800,"org.eclipse.equinox.registry",1428909813454
started,bundle,org.eclipse.equinox.security,1.0.100.v20090520-1800,"org.eclipse.equinox.security",1428909813454
started,bundle,org.eclipse.equinox.simpleconfigurator.manipulator,1.0.101.R35x_v20100209,"org.eclipse.equinox.simpleconfigurator.manipulator",1428909813455
started,bundle,org.eclipse.equinox.util,1.0.100.v20090520-1800,"org.eclipse.equinox.util",1428909813456
started,bundle,org.eclipse.help,3.4.1.v20090805_35x,"org.eclipse.help",1428909813460
started,bundle,org.eclipse.jdt.apt.core,3.3.202.R35x_v20091130-2300,"org.eclipse.jdt.apt.core",1428909813460
started,bundle,org.eclipse.jdt.apt.pluggable.core,1.0.201.R35x_v20090925-1100,"org.eclipse.jdt.apt.pluggable.core",1428909813461
started,bundle,org.eclipse.jdt.core,3.5.2.v_981_R35x,"org.eclipse.jdt.core",1428909813465
started,bundle,org.eclipse.jdt.core.manipulation,1.3.0.v20090603,"org.eclipse.jdt.core.manipulation",1428909813466
started,bundle,org.eclipse.jdt.junit,3.5.2.r352_v20100113-0800,"org.eclipse.jdt.junit",1428909813469
started,bundle,org.eclipse.jdt.launching,3.5.1.v20100108_r352,"org.eclipse.jdt.launching",1428909813472
started,bundle,org.eclipse.jdt.ui,3.5.2.r352_v20100106-0800,"org.eclipse.jdt.ui",1428909813472
started,bundle,org.eclipse.jem.util,2.0.201.v201001252130,"org.eclipse.jem.util",1428909813472
started,bundle,org.eclipse.jface,3.5.2.M20100120-0800,"org.eclipse.jface",1428909813473
started,bundle,org.eclipse.jsch.core,1.1.100.I20090430-0408,"org.eclipse.jsch.core",1428909813474
started,bundle,org.eclipse.jst.common.project.facet.core,1.4.1.v200911141836,"org.eclipse.jst.common.project.facet.core",1428909813474
started,bundle,org.eclipse.jst.jsf.common,1.1.9.v201001271707,"org.eclipse.jst.jsf.common",1428909813475
started,bundle,org.eclipse.jst.jsf.core,1.2.5.v201001271707,"org.eclipse.jst.jsf.core",1428909813476
started,bundle,org.eclipse.ltk.core.refactoring,3.5.0.v20090513-2000,"org.eclipse.ltk.core.refactoring",1428909813477
started,bundle,org.eclipse.ltk.ui.refactoring,3.4.101.r352_v20100209,"org.eclipse.ltk.ui.refactoring",1428909813478
started,bundle,org.eclipse.pde.ui,3.5.1.v201001121200,"org.eclipse.pde.ui",1428909813480
started,bundle,org.eclipse.search,3.5.1.r351_v20090708-0800,"org.eclipse.search",1428909813482
started,bundle,org.eclipse.team.core,3.5.1.r35x_20100113-0800,"org.eclipse.team.core",1428909813483
started,bundle,org.eclipse.team.cvs.core,3.3.200.I20090430-0408,"org.eclipse.team.cvs.core",1428909813484
started,bundle,org.eclipse.team.cvs.ui,3.3.202.r35x_20090930-0800,"org.eclipse.team.cvs.ui",1428909813489
started,bundle,org.eclipse.team.ui,3.5.0.I20090430-0408,"org.eclipse.team.ui",1428909813492
started,bundle,org.eclipse.ui,3.5.2.M20100120-0800,"org.eclipse.ui",1428909813493
started,bundle,org.eclipse.ui.console,3.4.0.v20090513,"org.eclipse.ui.console",1428909813494
started,bundle,org.eclipse.ui.editors,3.5.0.v20090527-2000,"org.eclipse.ui.editors",1428909813494
started,bundle,org.eclipse.ui.forms,3.4.1.v20090714_35x,"org.eclipse.ui.forms",1428909813495
started,bundle,org.eclipse.ui.ide,3.5.2.M20100113-0800,"org.eclipse.ui.ide",1428909813496
started,bundle,org.eclipse.ui.net,1.2.1.r35x_20090812-1200,"org.eclipse.ui.net",1428909813497
started,bundle,org.eclipse.ui.views,3.4.1.M20090826-0800,"org.eclipse.ui.views",1428909813497
started,bundle,org.eclipse.ui.views.log,1.0.100.v20090731,"org.eclipse.ui.views.log",1428909813498
started,bundle,org.eclipse.ui.workbench,3.5.2.M20100113-0800,"org.eclipse.ui.workbench",1428909813499
started,bundle,org.eclipse.ui.workbench.texteditor,3.5.1.r352_v20100105,"org.eclipse.ui.workbench.texteditor",1428909813500
started,bundle,org.eclipse.update.configurator,3.3.0.v20090312,"org.eclipse.update.configurator",1428909813500
started,bundle,org.eclipse.update.core,3.2.300.v20090525,"org.eclipse.update.core",1428909813501
started,bundle,org.eclipse.update.scheduler,3.2.200.v20081127,"org.eclipse.update.scheduler",1428909813502
started,bundle,org.eclipse.wst.common.frameworks,1.1.300.v200904160730,"org.eclipse.wst.common.frameworks",1428909813504
started,bundle,org.eclipse.wst.common.project.facet.core,1.4.1.v200911141735,"org.eclipse.wst.common.project.facet.core",1428909813504
started,bundle,org.eclipse.wst.sse.core,1.1.402.v201001251516,"org.eclipse.wst.sse.core",1428909813714
started,bundle,org.eclipse.wst.web,1.1.301.v200911302230,"org.eclipse.wst.web",1428909813715
started,bundle,org.eclipse.wst.ws.service.policy.ui,1.0.102.v200903070248,"org.eclipse.wst.ws.service.policy.ui",1428909813715
started,bundle,org.eclipse.team.svn.core,1.0.0.I20120601-1700,"org.eclipse.team.svn.core",1428909813717
started,bundle,org.eclipse.team.svn.revision.graph,1.0.0.I20120601-1700,"org.eclipse.team.svn.revision.graph",1428909813717
started,bundle,org.eclipse.team.svn.ui,1.0.0.I20120601-1700,"org.eclipse.team.svn.ui",1428909813719
started,bundle,org.eclipse.mylyn.bugzilla.core,3.8.2.v20120916-1200,"org.eclipse.mylyn.bugzilla.core",1428909813719
started,bundle,org.eclipse.mylyn.bugzilla.ui,3.8.2.v20120916-1200,"org.eclipse.mylyn.bugzilla.ui",1428909813720
started,bundle,org.eclipse.mylyn.commons.core,3.8.2.v20120916-1200,"org.eclipse.mylyn.commons.core",1428909813720
started,bundle,org.eclipse.mylyn.commons.net,3.8.2.v20120916-1200,"org.eclipse.mylyn.commons.net",1428909813720
started,bundle,org.eclipse.mylyn.commons.notifications.core,1.0.2.v20120916-1200,"org.eclipse.mylyn.commons.notifications.core",1428909813720
started,bundle,org.eclipse.mylyn.commons.notifications.feed,1.0.2.v20120916-1200,"org.eclipse.mylyn.commons.notifications.feed",1428909813721
started,bundle,org.eclipse.mylyn.commons.ui,3.8.2.v20120916-1200,"org.eclipse.mylyn.commons.ui",1428909813722
started,bundle,org.eclipse.mylyn.commons.workbench,3.8.2.v20120916-1200,"org.eclipse.mylyn.commons.workbench",1428909813722
started,bundle,org.eclipse.mylyn.context.core,3.8.2.v20120916-1200,"org.eclipse.mylyn.context.core",1428909813722
